Unnamed: 0,Method,ROUNDS,TIME,M_RES,M_NAME,M_KD,M_SIG_STR,M_SIG_STR_P,M_TOTAL_STR,M_TD,M_TD_P,M_SUB_ATT,M_REV,M_CTRL,M_HEAD,M_BODY,M_LEG,M_DIST,M_CLIN,M_GROUND,OP_RES,OP_NAME,OP_KD,OP_SIG_STR,OP_SIG_STR_P,OP_TOTAL_STR,OP_TD,OP_TD_P,OP_SUB_ATT,OP_REV,OP_CTRL,OP_HEAD,OP_BODY,OP_LEG,OP_DIST,OP_CLIN,OP_GROUND,Cluster #
0,Decision - Split,3,900,0,Danny Abbadi,0,56,38%,79,0,,0,0,110.0,49,7,0,41,12,3,1,Jorge Gurgel,0,58,36%,101,1,14%,1,0,123.0,49,6,3,44,12,2,3.0
4,Submission,1,119,0,David Abbott,0,0,,3,0,,0,0,1.0,0,0,0,0,0,0,1,Kimo Leopoldo,0,1,100%,1,1,100%,1,0,112.0,0,1,0,1,0,0,3.0
11,Submission,1,82,0,David Abbott,0,13,46%,16,0,,0,0,,13,0,0,9,4,0,1,Don Frye,0,6,33%,6,0,,2,0,,6,0,0,5,0,1,3.0
17,Submission,1,74,1,David Abbott,0,1,100%,3,1,100%,1,0,,1,0,0,1,0,0,0,Steve Jennum,0,0,0%,1,0,,0,0,,0,0,0,0,0,0,3.0
29,Decision - Unanimous,3,900,0,Daichi Abe,0,45,29%,45,0,,0,0,0.0,24,1,20,45,0,0,1,Li Jingliang,0,96,46%,96,0,,0,0,0.0,32,13,51,95,1,0,3.0
32,KO/TKO,3,692,0,Papy Abedi,0,19,47%,27,3,60%,3,0,312.0,12,5,2,11,0,8,1,Dylan Andrews,0,20,44%,21,2,40%,0,0,69.0,12,4,4,13,3,4,3.0
51,Decision - Unanimous,5,1500,1,Israel Adesanya,4,109,45%,119,0,,2,0,42.0,70,16,23,100,1,8,0,Kelvin Gastelum,0,91,41%,92,1,11%,0,1,81.0,68,12,11,91,0,0,3.0
63,Decision - Unanimous,3,900,0,Jessica Aguilar,0,50,43%,63,0,0%,1,0,100.0,23,27,0,22,27,1,1,Marina Rodriguez,1,118,58%,129,0,0%,0,1,181.0,58,38,22,67,39,12,3.0
66,Decision - Unanimous,3,900,0,Jessica Aguilar,0,57,53%,102,4,80%,0,0,388.0,27,10,20,24,10,23,1,Cortney Casey,0,103,35%,172,0,,0,0,81.0,70,9,24,50,21,32,3.0
68,Decision - Split,3,900,0,Kevin Aguilar,0,53,39%,53,0,0%,0,0,4.0,34,17,2,50,3,0,1,Charles Rosa,0,69,39%,69,0,0%,0,0,0.0,33,15,21,69,0,0,3.0
70,Decision - Unanimous,3,900,0,Kevin Aguilar,0,33,31%,65,1,100%,0,1,139.0,21,10,2,21,5,7,1,Dan Ige,1,71,56%,92,1,25%,0,0,247.0,52,12,7,44,6,21,3.0
77,Decision - Unanimous,3,900,0,Omari Akhmedov,0,33,36%,60,4,50%,0,0,94.0,25,7,1,21,8,4,1,Chris Weidman,0,29,51%,67,5,31%,0,0,497.0,25,4,0,17,1,11,3.0
85,KO/TKO,3,738,0,Omari Akhmedov,1,35,29%,38,1,100%,0,0,51.0,17,10,8,29,2,4,1,Sergio Moraes,1,21,30%,22,0,0%,0,0,2.0,17,2,2,19,1,1,3.0
88,Submission,1,276,0,Omari Akhmedov,0,6,37%,8,0,,0,0,2.0,1,2,3,6,0,0,1,Gunnar Nelson,0,16,80%,25,1,100%,1,0,185.0,15,0,1,2,0,14,3.0
97,Decision - Unanimous,3,900,0,Rostem Akman,0,15,13%,15,0,,0,0,3.0,8,6,1,11,4,0,1,Jake Matthews,0,59,44%,61,0,0%,0,0,49.0,19,20,20,53,6,0,3.0
98,Decision - Unanimous,3,900,0,Rostem Akman,0,39,39%,40,2,40%,0,0,200.0,30,6,3,31,8,0,1,Sergey Khandozhko,1,60,40%,60,1,16%,0,0,61.0,30,11,19,55,5,0,3.0
105,Decision - Split,3,900,1,Heili Alateng,0,47,35%,72,4,30%,0,0,200.0,27,11,9,47,0,0,0,Ryan Benoit,0,68,53%,84,0,0%,0,0,0.0,45,17,6,53,15,0,3.0
120,Submission,1,61,0,Aleksandra Albu,0,2,40%,2,0,,0,0,0.0,2,0,0,2,0,0,1,Emily Whitmire,0,3,60%,8,1,100%,1,0,51.0,2,0,1,3,0,0,3.0
122,Submission,2,514,1,Aleksandra Albu,0,42,67%,53,0,0%,1,0,109.0,34,4,4,29,13,0,0,Izabela Badurek,0,32,71%,42,1,12%,0,0,189.0,4,9,19,6,26,0,3.0
128,Submission,1,119,1,Iuri Alcantara,1,26,66%,26,0,,2,0,29.0,22,4,0,10,1,15,0,Brad Pickett,0,1,33%,1,0,,0,0,11.0,0,1,0,0,1,0,3.0
132,Decision - Unanimous,3,900,1,Iuri Alcantara,0,27,51%,59,2,50%,0,0,130.0,11,16,0,19,3,5,0,Russell Doane,0,14,34%,98,6,50%,0,1,518.0,13,1,0,2,1,11,3.0
133,KO/TKO,1,25,1,Iuri Alcantara,1,5,50%,5,0,,0,0,3.0,4,1,0,2,0,3,0,Vaughan Lee,0,4,100%,4,0,,0,0,0.0,3,1,0,4,0,0,3.0
134,Decision - Split,3,900,1,Iuri Alcantara,1,42,55%,84,2,66%,0,1,222.0,38,2,2,15,3,24,0,Wilson Reis,0,23,37%,66,3,42%,0,1,406.0,16,0,7,9,3,11,3.0
135,Decision - Unanimous,3,900,0,Iuri Alcantara,0,8,34%,25,1,100%,1,0,152.0,5,3,0,2,0,6,1,Urijah Faber,0,54,68%,127,4,80%,0,0,608.0,53,1,0,3,0,51,3.0
136,KO/TKO,1,151,1,Iuri Alcantara,0,19,51%,23,0,,0,0,5.0,16,3,0,11,2,6,0,Iliarde Santos,0,3,30%,4,0,0%,0,0,25.0,0,0,3,2,1,0,3.0
138,Decision - Unanimous,3,900,0,Iuri Alcantara,0,19,38%,36,0,0%,1,0,67.0,10,6,3,11,4,4,1,Hacran Dias,0,19,43%,108,5,50%,0,0,541.0,8,2,9,8,0,11,3.0
139,Decision - Unanimous,3,900,1,Iuri Alcantara,0,60,43%,101,0,,2,0,259.0,46,13,1,44,2,14,0,Michihiro Omigawa,0,24,50%,74,1,25%,0,1,171.0,20,4,0,23,1,0,3.0
148,Submission,2,459,1,Ildemar Alcantara,0,24,43%,39,2,66%,3,0,86.0,10,12,2,22,2,0,0,Wagner Prado,0,28,52%,41,0,0%,0,1,73.0,14,14,0,25,3,0,3.0
150,TKO - Doctor's Stoppage,1,253,0,Gilbert Aldana,0,6,75%,20,2,66%,0,0,175.0,5,1,0,0,0,6,1,Cheick Kongo,0,24,85%,33,1,100%,0,0,30.0,15,7,2,1,20,3,3.0
157,Decision - Split,3,900,1,Irene Aldana,0,119,52%,121,0,0%,0,0,2.0,80,10,29,111,8,0,0,Lucie Pudilova,0,105,31%,110,0,,0,0,17.0,81,11,13,99,6,0,3.0
162,Decision - Unanimous,3,900,0,Hector Aldana,0,69,40%,72,0,,0,0,43.0,45,7,17,63,6,0,1,Laureano Staropoli,0,97,35%,99,0,,0,0,0.0,71,15,11,94,3,0,3.0
176,Decision - Unanimous,5,1500,1,Jose Aldo,0,76,30%,76,0,,0,0,5.0,65,2,9,76,0,0,0,Frankie Edgar,0,60,22%,63,2,18%,0,0,57.0,24,14,22,55,5,0,3.0
179,Decision - Unanimous,5,1500,1,Jose Aldo,1,94,43%,131,5,55%,1,0,553.0,72,4,18,66,0,28,0,Mark Hominick,0,71,39%,147,1,50%,0,0,258.0,50,17,4,50,1,20,3.0
188,Decision - Split,3,900,0,JJ Aldrich,0,58,40%,69,0,,0,0,3.0,45,10,3,49,9,0,1,Sabina Mazo,0,118,36%,121,0,,0,0,121.0,66,29,23,92,26,0,3.0
194,Decision - Unanimous,3,900,0,JJ Aldrich,0,31,38%,111,0,,0,0,46.0,13,18,0,8,19,4,1,Juliana Lima,0,56,45%,90,4,66%,0,0,424.0,22,20,14,24,24,8,3.0
200,Decision - Unanimous,3,900,0,John Alessio,0,33,37%,82,0,,0,0,12.0,25,3,5,27,6,0,1,Mark Bocek,0,74,69%,117,5,45%,0,0,584.0,50,2,22,20,16,38,3.0
211,Submission,1,293,0,Houston Alexander,0,12,57%,22,0,,0,0,32.0,7,3,2,3,4,5,1,Eric Schafer,0,24,63%,53,1,25%,2,1,196.0,21,3,0,0,3,21,3.0
212,KO/TKO,1,8,0,Houston Alexander,0,0,0%,0,0,,0,0,0.0,0,0,0,0,0,0,1,James Irvin,1,3,75%,3,0,,0,0,2.0,3,0,0,1,0,2,3.0
215,KO/TKO,1,48,1,Houston Alexander,2,17,85%,17,0,,0,0,20.0,14,2,1,1,13,3,0,Keith Jardine,0,5,62%,6,0,,0,0,0.0,4,1,0,3,2,0,3.0
219,Decision - Split,3,900,0,Marcio Alexandre Junior,0,36,45%,60,1,25%,0,0,106.0,23,9,4,25,3,8,1,Tim Means,0,43,63%,53,1,50%,0,0,137.0,24,9,10,34,3,6,3.0
221,TKO - Doctor's Stoppage,2,533,0,Olaf Alfonso,0,5,23%,12,0,,0,0,0.0,2,1,2,3,2,0,1,Alex Karalexis,0,48,51%,91,3,100%,0,0,380.0,44,4,0,7,2,39,3.0
222,Decision - Split,3,900,0,Olaf Alfonso,0,48,47%,73,1,8%,1,0,,29,12,7,40,8,0,1,John Polakowski,0,57,29%,76,0,,0,0,,48,7,2,27,12,18,3.0
232,Decision - Unanimous,3,900,1,Arnold Allen,0,63,48%,68,0,0%,0,0,81.0,58,5,0,61,2,0,0,Nik Lentz,0,49,28%,63,0,0%,0,0,77.0,25,16,8,42,7,0,3.0
236,Decision - Split,3,900,1,Arnold Allen,0,32,43%,75,3,50%,1,0,333.0,27,5,0,16,2,14,0,Makwan Amirkhani,0,17,36%,32,4,33%,3,1,338.0,15,2,0,13,0,4,3.0
248,Submission,2,510,1,Ricardo Almeida,0,15,55%,24,5,45%,1,0,426.0,13,2,0,1,10,4,0,Matt Brown,0,6,60%,23,0,,0,0,16.0,0,3,3,3,3,0,3.0
253,KO/TKO,2,421,0,Ricardo Almeida,0,12,34%,12,1,25%,5,0,45.0,6,1,5,7,5,0,1,Andrei Semenov,1,5,17%,35,0,,0,0,147.0,5,0,0,3,1,1,3.0
257,Decision - Unanimous,3,900,0,Thomas Almeida,0,64,37%,64,0,0%,0,0,2.0,33,17,14,56,8,0,1,Jonathan Martinez,0,73,35%,73,0,,0,0,0.0,53,18,2,69,4,0,3.0
260,KO/TKO,2,397,1,Thomas Almeida,1,41,51%,42,0,,0,0,6.0,30,5,6,41,0,0,0,Albert Morales,0,18,24%,18,1,50%,0,0,36.0,13,2,3,18,0,0,3.0
266,Decision - Unanimous,3,900,0,Ericka Almeida,0,19,43%,57,1,100%,0,0,180.0,12,6,1,4,12,3,1,Aisling Daly,0,59,56%,166,2,40%,0,0,668.0,43,13,3,2,14,43,3.0
279,Decision - Split,3,900,1,Eddie Alvarez,0,31,48%,43,3,27%,0,0,227.0,16,8,7,29,2,0,0,Gilbert Melendez,0,37,28%,93,0,0%,0,0,0.0,33,4,0,36,1,0,3.0
284,Decision - Unanimous,3,900,0,Joel Alvarez,0,38,29%,38,0,,0,0,0.0,26,5,7,37,1,0,1,Damir Ismagulov,0,64,42%,64,0,,0,0,0.0,25,30,9,64,0,0,3.0
299,Decision - Unanimous,3,900,0,Thiago Alves,0,22,27%,39,0,,0,2,121.0,13,2,7,18,2,2,1,Jon Fitch,0,29,43%,70,9,81%,0,0,487.0,15,8,6,13,5,11,3.0
304,TKO - Doctor's Stoppage,2,600,1,Thiago Alves,1,39,43%,48,0,,0,0,32.0,14,7,18,28,9,2,0,Chris Lytle,0,42,32%,88,1,100%,0,0,149.0,23,14,5,29,12,1,3.0
325,Decision - Split,3,900,0,Sam Alvey,0,57,52%,103,0,,0,0,29.0,40,3,14,46,11,0,1,Ryan Spann,0,51,44%,52,2,28%,1,0,181.0,41,10,0,48,3,0,3.0
333,Decision - Unanimous,3,900,0,Sam Alvey,0,27,30%,50,0,,0,0,21.0,22,5,0,20,7,0,1,Thales Leites,0,38,55%,44,1,14%,0,0,98.0,8,6,24,37,1,0,3.0
334,Decision - Unanimous,3,900,1,Sam Alvey,0,36,42%,45,0,0%,0,0,121.0,23,5,8,31,4,1,0,Nate Marquardt,0,28,43%,52,1,50%,0,0,112.0,13,7,8,22,6,0,3.0
335,Decision - Unanimous,3,900,1,Sam Alvey,0,63,45%,65,0,0%,0,0,40.0,39,13,11,62,1,0,0,Alex Nicholson,0,82,45%,82,0,,0,0,0.0,51,16,15,81,1,0,3.0
341,KO/TKO,1,214,1,Sam Alvey,1,4,50%,4,0,,0,0,3.0,4,0,0,2,0,2,0,Cezar Ferreira,0,13,36%,13,0,,0,0,0.0,6,4,3,13,0,0,3.0
342,KO/TKO,1,136,1,Sam Alvey,0,6,85%,9,0,,0,0,2.0,6,0,0,1,0,5,0,Dylan Andrews,0,4,57%,12,2,66%,0,0,81.0,0,1,3,4,0,0,3.0
352,Decision - Unanimous,3,900,0,Makwan Amirkhani,0,11,28%,25,3,50%,0,0,193.0,10,1,0,10,0,1,1,Edson Barboza,2,32,43%,34,0,,1,0,98.0,8,18,6,31,0,1,3.0
361,Decision - Unanimous,3,900,0,Eryk Anders,0,41,42%,73,0,0%,0,0,351.0,19,22,0,23,18,0,1,Krzysztof Jotko,0,66,56%,101,0,0%,0,0,46.0,47,13,6,53,13,0,3.0
362,Decision - Split,3,900,1,Eryk Anders,0,64,35%,64,0,,0,0,9.0,31,14,19,61,2,1,0,Gerald Meerschaert,0,72,35%,72,0,0%,0,0,0.0,56,13,3,71,1,0,3.0
368,Decision - Split,5,1500,0,Eryk Anders,0,32,41%,46,3,27%,0,0,227.0,18,13,1,19,12,1,1,Lyoto Machida,0,62,55%,66,0,,0,0,137.0,18,23,21,49,6,7,3.0
373,KO/TKO,3,613,0,Lowell Anderson,0,9,27%,17,0,0%,0,0,3.0,6,3,0,9,0,0,1,John Lewis,0,20,32%,34,1,100%,0,0,200.0,18,2,0,11,9,0,3.0
375,KO/TKO,1,127,1,Corey Anderson,1,22,56%,26,1,50%,0,0,22.0,21,1,0,5,10,7,0,Johnny Walker,0,1,33%,1,0,,0,0,19.0,0,0,1,1,0,0,3.0
384,Decision - Unanimous,3,900,1,Corey Anderson,0,60,44%,97,6,40%,0,0,512.0,40,15,5,33,17,10,0,Fabio Maldonado,0,26,48%,49,0,,0,0,0.0,16,10,0,13,13,0,3.0
387,Decision - Unanimous,3,900,1,Corey Anderson,0,45,50%,95,7,53%,0,0,528.0,31,13,1,18,24,3,0,Justin Jones,0,28,40%,32,0,0%,1,0,0.0,12,9,7,20,8,0,3.0
389,KO/TKO,1,211,1,Megan Anderson,1,7,50%,32,0,0%,0,1,14.0,6,1,0,5,2,0,0,Norma Dumont,0,5,31%,14,1,33%,0,0,139.0,1,4,0,1,4,0,3.0
399,KO/TKO,1,118,1,Jessica Andrade,1,38,52%,39,0,,0,0,1.0,32,4,2,31,7,0,0,Karolina Kowalkiewicz,0,24,42%,25,0,,0,0,0.0,15,5,4,18,6,0,3.0
400,Decision - Unanimous,3,900,1,Jessica Andrade,0,92,51%,151,10,83%,0,1,435.0,46,43,3,37,17,38,0,Tecia Torres,0,69,46%,88,2,100%,0,0,23.0,54,6,9,61,5,3,3.0
402,Decision - Unanimous,5,1500,0,Jessica Andrade,0,83,38%,94,2,20%,0,0,211.0,51,15,17,58,24,1,1,Joanna Jedrzejczyk,0,225,63%,230,0,,0,0,16.0,101,49,75,193,32,0,3.0
405,KO/TKO,2,476,1,Jessica Andrade,0,117,57%,118,0,,0,0,32.0,90,26,1,78,39,0,0,Jessica Penne,0,27,29%,28,0,0%,0,0,0.0,17,10,0,19,8,0,3.0
416,KO/TKO,1,96,1,Viscardi Andrade,1,12,66%,12,0,,0,0,18.0,9,1,2,8,0,4,0,Bristol Marunde,0,0,0%,0,0,,0,0,0.0,0,0,0,0,0,0,3.0
428,KO/TKO,1,259,1,Magomed Ankalaev,2,21,51%,21,0,,0,0,5.0,17,2,2,14,1,6,0,Ion Cutelaba,0,11,30%,11,0,,0,0,0.0,5,2,4,11,0,0,3.0
429,KO/TKO,1,38,1,Magomed Ankalaev,0,8,66%,8,0,,0,0,0.0,6,1,1,8,0,0,0,Ion Cutelaba,0,5,45%,5,0,,0,0,0.0,3,0,2,5,0,0,3.0
449,Decision - Unanimous,3,900,1,Shinsho Anzai,0,51,53%,97,1,8%,0,0,219.0,36,13,2,22,28,1,0,Luke Jumeau,0,49,51%,53,0,,0,0,123.0,29,7,13,19,30,0,3.0
453,Decision - Unanimous,5,1500,0,Shinya Aoki,0,11,37%,17,0,0%,1,0,9.0,4,7,0,7,2,2,1,Gilbert Melendez,0,69,33%,114,0,,0,0,540.0,46,18,5,22,4,43,3.0
454,Submission,1,223,0,Erik Apple,0,0,0%,5,0,,2,0,4.0,0,0,0,0,0,0,1,Brock Larson,0,2,18%,10,1,100%,2,0,190.0,2,0,0,0,0,2,3.0
468,Decision - Unanimous,3,900,0,Igor Araujo,0,39,47%,48,0,0%,0,0,18.0,11,14,14,34,5,0,1,Sean Strickland,1,71,42%,87,3,100%,2,0,329.0,61,6,4,32,17,22,3.0
470,Decision - Unanimous,3,900,1,Igor Araujo,0,12,32%,138,0,0%,1,1,532.0,7,5,0,2,1,9,0,Danny Mitchell,0,18,52%,70,0,0%,5,0,209.0,9,4,5,6,5,7,3.0
478,Decision - Split,3,900,0,Julio Arce,0,25,21%,46,1,20%,2,0,251.0,16,9,0,23,2,0,1,Sheymon Moraes,2,32,31%,35,0,,0,0,98.0,22,9,1,16,9,7,3.0
499,Decision - Split,3,900,1,Andrei Arlovski,0,12,21%,40,0,0%,0,0,190.0,6,3,3,11,1,0,0,Brendan Schaub,0,30,34%,65,1,20%,0,0,192.0,23,7,0,15,3,12,3.0
507,KO/TKO,1,163,0,Andrei Arlovski,1,11,45%,12,0,,0,0,7.0,7,3,1,9,2,0,1,Tim Sylvia,1,13,43%,13,0,,0,0,4.0,13,0,0,7,0,6,3.0
509,KO/TKO,1,250,1,Andrei Arlovski,0,33,58%,33,0,,0,0,7.0,22,1,10,27,3,3,0,Justin Eilers,0,5,23%,7,0,0%,0,0,0.0,4,0,1,5,0,0,3.0
537,KO/TKO,1,161,1,Cyril Asker,0,19,40%,39,1,100%,0,0,82.0,19,0,0,2,0,17,0,Dmitrii Smoliakov,0,5,50%,28,0,0%,0,0,0.0,2,3,0,5,0,0,3.0
544,Decision - Unanimous,3,900,0,Scott Askham,1,42,82%,86,0,0%,0,0,151.0,16,12,14,16,24,2,1,Magnus Cedenblad,0,23,67%,179,3,50%,0,0,588.0,10,5,8,10,11,2,3.0
559,KO/TKO,3,710,1,Raphael Assuncao,1,46,29%,48,0,,0,0,1.0,24,6,16,45,1,0,0,Matthew Lopez,0,34,36%,36,1,25%,0,0,29.0,16,12,6,34,0,0,3.0
567,Decision - Unanimous,3,900,1,Raphael Assuncao,0,57,36%,60,0,0%,0,0,144.0,28,6,23,45,12,0,0,Mike Easton,0,30,19%,34,0,0%,0,0,1.0,7,3,20,29,1,0,3.0
570,KO/TKO,1,152,0,Raphael Assuncao,0,9,45%,9,0,,0,0,0.0,3,3,3,9,0,0,1,Erik Koch,1,4,22%,5,0,,0,0,2.0,2,1,1,4,0,0,3.0
572,Decision - Split,3,900,0,Raphael Assuncao,0,34,29%,39,2,40%,0,0,38.0,20,6,8,27,7,0,1,Diego Nunes,0,37,29%,37,0,,0,0,23.0,11,8,18,34,3,0,3.0
578,Decision - Unanimous,3,900,0,Rich Attonito,0,6,40%,17,0,,0,0,28.0,2,4,0,2,4,0,1,David Branch,0,16,59%,53,4,40%,0,0,739.0,2,6,8,0,14,2,3.0
612,Decision - Unanimous,3,900,1,Julia Avila,1,49,40%,66,0,0%,0,0,346.0,30,11,8,28,17,4,0,Pannie Kianzad,0,33,39%,39,1,50%,0,0,164.0,26,3,4,25,7,1,3.0
644,Decision - Unanimous,3,900,1,Ryan Bader,0,70,70%,156,3,100%,0,0,734.0,64,6,0,11,4,55,0,Anthony Perosh,0,9,24%,11,0,0%,0,0,0.0,6,0,3,9,0,0,3.0
647,KO/TKO,2,392,0,Ryan Bader,0,7,21%,7,0,,0,0,0.0,2,1,4,7,0,0,1,Lyoto Machida,1,21,67%,21,0,,0,0,3.0,8,9,4,19,0,2,3.0
682,Decision - Unanimous,3,900,0,Bryan Baker,0,6,50%,14,0,,0,0,0.0,1,5,0,1,1,4,1,Chael Sonnen,0,70,60%,148,5,100%,0,0,866.0,51,18,1,2,3,65,3.0
688,KO/TKO,1,60,1,Oluwale Bamgbose,1,8,40%,8,0,,0,0,5.0,6,0,2,3,0,5,0,Daniel Sarafian,0,0,,0,0,,0,0,0.0,0,0,0,0,0,0,3.0
699,KO/TKO,3,721,1,Tae Hyun Bang,2,34,31%,40,0,0%,0,2,95.0,32,2,0,29,0,5,0,Kajan Johnson,0,29,31%,29,4,44%,0,1,105.0,22,5,2,26,2,1,3.0
703,Decision - Unanimous,3,900,0,Antonio Banuelos,1,45,28%,72,0,0%,0,0,45.0,33,6,6,38,4,3,1,Scott Jorgensen,2,93,49%,128,0,0%,3,0,189.0,78,9,6,68,10,15,3.0
716,Decision - Unanimous,3,900,0,Renan Barao,0,19,22%,65,2,66%,0,0,274.0,10,6,3,9,2,8,1,Aljamain Sterling,0,71,58%,112,1,100%,0,0,339.0,41,15,15,36,7,28,3.0
736,KO/TKO,3,774,0,Bryan Barberena,0,47,46%,122,0,,0,0,59.0,15,11,21,29,15,3,1,Randy Brown,1,89,58%,91,0,,0,0,158.0,44,31,14,59,30,0,3.0
741,Decision - Unanimous,3,900,0,Bryan Barberena,0,41,36%,100,0,,0,0,0.0,29,2,10,34,5,2,1,Colby Covington,0,76,53%,96,12,70%,0,0,547.0,56,12,8,59,10,7,3.0
745,KO/TKO,3,804,1,Bryan Barberena,1,63,51%,106,0,,0,0,144.0,50,7,6,32,10,21,0,Joe Ellenberger,0,24,40%,35,3,60%,0,0,138.0,13,8,3,12,10,2,3.0
755,Decision - Unanimous,3,900,1,Edson Barboza,0,73,44%,73,0,,0,0,0.0,27,15,31,73,0,0,0,Anthony Pettis,0,48,36%,48,0,0%,0,0,0.0,35,5,8,48,0,0,3.0
769,KO/TKO,3,626,1,Edson Barboza,2,43,62%,44,2,100%,0,0,312.0,16,3,24,43,0,0,0,Mike Lullo,0,12,26%,68,0,0%,1,0,10.0,9,1,2,12,0,0,3.0
771,Decision - Unanimous,3,900,1,Raoni Barcelos,0,42,42%,52,2,40%,0,0,159.0,16,8,18,32,5,5,0,Said Nurmagomedov,0,55,31%,77,0,0%,0,0,14.0,24,10,21,49,2,4,3.0
786,Submission,1,131,1,Josh Barnett,0,0,0%,5,2,100%,2,0,120.0,0,0,0,0,0,0,0,Nandor Guelmino,0,0,0%,1,0,0%,0,0,0.0,0,0,0,0,0,0,3.0
817,Decision - Split,3,900,0,Francimar Barroso,0,74,57%,74,0,,0,0,0.0,38,18,18,74,0,0,1,Gian Villante,0,74,35%,74,0,,0,0,0.0,57,11,6,74,0,0,3.0
821,Submission,2,491,0,Francimar Barroso,0,22,61%,34,2,28%,0,0,100.0,17,3,2,12,9,1,1,Nikita Krylov,0,58,65%,115,0,0%,1,1,244.0,33,18,7,12,27,19,3.0
822,Decision - Unanimous,3,900,1,Francimar Barroso,0,57,60%,90,1,10%,0,0,194.0,34,7,16,49,5,3,0,Elvis Mutapcic,0,38,31%,65,0,,0,0,0.0,22,14,2,25,6,7,3.0
834,Submission,3,870,0,Pat Barry,2,25,37%,26,0,,0,0,4.0,11,0,14,24,1,0,1,Mirko Filipovic,1,42,42%,113,0,0%,2,0,267.0,26,10,6,26,12,4,3.0
840,Decision - Split,3,900,1,Enrique Barzola,0,83,34%,88,3,42%,0,0,39.0,51,24,8,82,1,0,0,Bobby Moffett,0,90,38%,98,0,0%,0,0,24.0,56,21,13,88,2,0,3.0
856,KO/TKO,2,401,1,Mario Bautista,1,18,26%,18,0,,0,0,4.0,18,0,0,9,0,9,0,Miles Johns,0,13,29%,13,0,,0,0,0.0,11,0,2,13,0,0,3.0
861,Decision - Unanimous,3,900,0,Chris Beal,0,39,28%,61,2,50%,0,1,283.0,26,9,4,22,4,13,1,Neil Seery,0,56,36%,106,1,33%,4,2,47.0,50,1,5,34,8,14,3.0
872,KO/TKO,2,360,1,Johnny Bedford,2,34,56%,45,1,100%,0,0,197.0,27,4,3,16,3,15,0,Marcos Vinicius,0,4,26%,5,0,,1,0,0.0,2,0,2,3,1,0,3.0
876,Decision - Unanimous,5,1500,1,Chase Beebe,0,43,66%,168,0,,4,1,1252.0,31,11,1,6,0,37,0,Rani Yahya,0,9,50%,16,1,16%,5,1,143.0,2,0,7,9,0,0,3.0
878,Submission,1,93,0,Lyle Beerbohm,0,1,50%,2,0,,0,0,36.0,0,0,1,0,1,0,1,Shinya Aoki,0,2,100%,2,1,100%,1,0,41.0,0,2,0,2,0,0,3.0
879,Decision - Unanimous,3,900,0,Lyle Beerbohm,0,20,45%,74,2,18%,0,2,,10,5,5,14,5,1,1,Pat Healy,0,47,53%,90,1,25%,2,1,,27,17,3,22,20,5,3.0
894,Decision - Unanimous,3,871,0,Alan Belcher,0,29,19%,29,0,0%,0,0,0.0,11,7,11,29,0,0,1,Michael Bisping,0,93,41%,94,0,,0,0,8.0,64,3,26,92,1,0,3.0
897,KO/TKO,1,228,1,Alan Belcher,0,25,64%,52,0,,0,0,177.0,24,1,0,0,1,24,0,Jason MacDonald,0,2,28%,5,0,0%,0,0,25.0,0,2,0,0,2,0,3.0
899,KO/TKO,1,183,1,Alan Belcher,1,21,37%,26,0,,0,0,4.0,19,2,0,17,2,2,0,Wilson Gouveia,0,29,32%,30,0,,0,0,0.0,28,0,1,29,0,0,3.0
902,Decision - Split,3,900,1,Alan Belcher,0,54,60%,67,0,,0,0,144.0,29,8,17,39,15,0,0,Ed Herman,0,43,33%,86,5,41%,2,0,289.0,33,9,1,24,9,10,3.0
912,KO/TKO,2,463,0,Vitor Belfort,0,8,30%,9,0,,0,0,0.0,5,3,0,6,2,0,1,Gegard Mousasi,0,57,50%,65,1,25%,0,0,92.0,41,4,12,29,14,14,3.0
914,KO/TKO,1,127,1,Vitor Belfort,1,6,54%,6,0,,0,0,7.0,5,1,0,1,2,3,0,Dan Henderson,0,3,100%,3,0,,0,0,0.0,0,0,3,3,0,0,3.0
918,KO/TKO,2,387,1,Vitor Belfort,1,18,33%,19,0,,0,0,6.0,12,6,0,12,1,5,0,Michael Bisping,0,14,21%,14,0,0%,0,0,0.0,8,0,6,14,0,0,3.0
921,KO/TKO,1,112,1,Vitor Belfort,2,12,48%,12,0,,0,0,9.0,11,0,1,3,3,6,0,Yoshihiro Akiyama,0,1,11%,1,0,,0,0,0.0,0,0,1,1,0,0,3.0
923,KO/TKO,1,182,1,Vitor Belfort,0,9,40%,9,0,,0,0,4.0,7,0,2,5,0,4,0,Rich Franklin,0,4,21%,4,0,0%,0,0,0.0,0,2,2,4,0,0,3.0
925,Decision - Split,3,900,0,Vitor Belfort,0,19,50%,44,0,,1,1,186.0,16,2,1,1,8,10,1,Tito Ortiz,0,27,57%,101,4,36%,0,0,563.0,20,2,5,1,8,18,3.0
945,Decision - Unanimous,3,900,0,Joey Beltran,0,52,33%,93,1,33%,0,0,301.0,35,13,4,29,14,9,1,Matt Mitrione,0,76,50%,86,0,,0,0,0.0,61,7,8,73,3,0,3.0
948,Decision - Unanimous,3,900,0,Marco Beltran,0,34,31%,45,1,100%,0,0,12.0,14,7,13,33,1,0,1,Matt Schnell,0,38,27%,38,0,0%,1,0,16.0,24,2,12,35,3,0,3.0
949,KO/TKO,2,600,0,Marco Beltran,0,16,40%,19,0,,0,0,114.0,11,0,5,9,0,7,1,Deiveson Figueiredo,1,17,65%,21,2,66%,4,0,288.0,10,6,1,8,1,8,3.0
967,KO/TKO,1,187,1,Joseph Benavidez,1,20,38%,20,0,,0,0,5.0,13,4,3,16,0,4,0,Jussier Formiga,0,6,33%,6,0,,0,0,0.0,5,1,0,5,1,0,3.0
977,KO/TKO,1,95,1,Joseph Benavidez,1,7,33%,7,0,,0,0,4.0,6,1,0,4,0,3,0,Rani Yahya,0,5,27%,5,0,,0,0,0.0,3,0,2,5,0,0,3.0
988,KO/TKO,1,254,0,Gabriel Benitez,0,24,33%,24,0,,0,0,0.0,11,4,9,24,0,0,1,Sodiq Yusuff,1,34,43%,34,0,,0,0,4.0,25,4,5,30,0,4,3.0
996,TKO - Doctor's Stoppage,2,600,0,Josh Bennett,0,29,40%,90,1,100%,0,0,,22,7,0,11,17,1,1,Mychal Clark,0,58,56%,78,0,0%,0,1,,39,14,5,40,12,6,3.0
1005,KO/TKO,3,758,1,Ryan Benoit,1,45,48%,47,0,0%,0,0,2.0,40,4,1,40,1,4,0,Ashkan Mokhtarian,0,42,41%,43,0,0%,0,0,22.0,20,11,11,41,1,0,3.0
1019,Decision - Split,3,900,0,Dennis Bermudez,0,42,36%,56,6,42%,0,0,258.0,25,13,4,29,5,8,1,Rick Glenn,0,48,35%,59,0,,1,0,34.0,32,13,3,41,2,5,3.0
1021,Decision - Split,3,900,0,Dennis Bermudez,0,69,43%,101,1,16%,0,0,156.0,39,18,12,47,22,0,1,Darren Elkins,0,70,45%,99,3,30%,2,0,246.0,42,24,4,34,33,3,3.0
1022,KO/TKO,1,149,0,Dennis Bermudez,0,20,58%,24,0,0%,0,0,20.0,11,6,3,14,6,0,1,Chan Sung Jung,1,17,48%,19,0,0%,0,0,5.0,16,1,0,12,2,3,3.0
1024,Decision - Unanimous,3,900,1,Dennis Bermudez,0,61,76%,120,4,80%,1,0,260.0,51,5,5,11,7,43,0,Tatsuya Kawajiri,0,12,46%,27,1,14%,0,1,446.0,7,3,2,9,1,2,3.0
1025,KO/TKO,3,632,0,Dennis Bermudez,0,35,42%,66,1,16%,0,0,297.0,23,4,8,27,4,4,1,Jeremy Stephens,2,38,52%,39,0,0%,0,0,20.0,26,4,8,22,9,7,3.0
1028,KO/TKO,3,777,1,Dennis Bermudez,3,55,43%,94,6,40%,1,0,467.0,31,7,17,15,25,15,0,Jimy Hettes,0,34,53%,49,0,0%,0,0,87.0,16,13,5,10,23,1,3.0
1039,Submission,2,453,1,Manny Bermudez,0,12,42%,27,1,20%,3,2,116.0,12,0,0,6,0,6,0,Albert Morales,0,19,35%,30,1,100%,0,1,220.0,16,1,2,12,0,7,3.0
1051,Decision - Unanimous,3,900,0,Matt Bessette,0,43,29%,55,0,,0,0,0.0,27,15,1,41,2,0,1,Enrique Barzola,0,55,45%,73,5,50%,0,0,274.0,25,13,17,43,0,12,3.0
1054,Submission,2,419,0,Arjan Bhullar,0,9,50%,42,2,66%,0,0,318.0,9,0,0,5,1,3,1,Adam Wieczorek,0,13,48%,14,0,,1,0,0.0,2,4,7,10,1,2,3.0
1058,KO/TKO,1,98,0,Bibulatov Magomed,0,5,50%,5,0,,0,0,3.0,2,2,1,4,0,1,1,John Moraga,1,8,57%,8,0,0%,0,0,2.0,3,1,4,7,0,1,3.0
1061,Decision - Unanimous,3,900,1,David Bielkheden,0,36,67%,86,7,63%,0,0,594.0,32,4,0,0,16,20,0,Jess Liaudin,0,12,48%,58,1,100%,2,0,194.0,12,0,0,1,4,7,3.0
1068,Submission,1,64,0,Anthony Birchak,0,4,44%,5,1,100%,0,0,26.0,4,0,0,0,0,4,1,Ian Entwistle,0,0,0%,0,0,,3,0,0.0,0,0,0,0,0,0,3.0
1069,KO/TKO,1,150,0,Michael Bisping,0,7,29%,7,0,,0,0,0.0,5,1,1,7,0,0,1,Kelvin Gastelum,1,14,51%,14,0,,0,0,7.0,7,5,2,9,1,4,3.0
1071,Decision - Unanimous,5,1500,1,Michael Bisping,0,119,35%,130,0,,0,0,1.0,90,10,19,116,1,2,0,Dan Henderson,2,81,36%,87,1,25%,0,0,103.0,46,6,29,71,2,8,3.0
1076,Submission,2,357,0,Michael Bisping,0,16,24%,16,0,0%,0,0,11.0,10,1,5,15,1,0,1,Luke Rockhold,1,20,48%,20,0,,1,0,17.0,10,7,3,15,1,4,3.0
1081,Decision - Unanimous,3,900,1,Michael Bisping,0,64,45%,88,4,30%,0,0,272.0,46,7,11,50,13,1,0,Brian Stann,0,57,40%,72,0,,0,1,66.0,27,10,20,46,9,2,3.0
1088,KO/TKO,2,564,1,Michael Bisping,0,29,34%,50,3,100%,1,0,85.0,24,3,2,12,2,15,0,Denis Kang,1,11,20%,27,0,0%,0,0,224.0,8,2,1,6,0,5,3.0
1090,Decision - Unanimous,3,900,1,Michael Bisping,0,70,43%,77,1,33%,0,0,30.0,52,14,4,65,5,0,0,Chris Leben,0,51,31%,62,1,50%,0,0,47.0,22,12,17,43,8,0,3.0
1092,KO/TKO,1,300,1,Michael Bisping,1,39,43%,49,0,,0,0,72.0,19,20,0,12,25,2,0,Charles McCarthy,0,1,8%,2,1,100%,1,0,62.0,0,0,1,1,0,0,3.0
1099,KO/TKO,1,570,0,Amaury Bitetti,0,2,40%,24,0,0%,0,0,,1,0,1,2,0,0,1,Don Frye,0,46,77%,82,1,100%,0,0,,27,19,0,1,11,34,3.0
1102,Decision - Split,5,1500,1,Jan Blachowicz,0,71,41%,105,0,,0,0,4.0,38,13,20,59,12,0,0,Jacare Souza,0,20,41%,56,0,0%,0,0,505.0,8,3,9,18,2,0,3.0
1105,Submission,2,461,1,Jan Blachowicz,0,10,55%,24,1,100%,1,0,293.0,10,0,0,1,0,9,0,Nikita Krylov,0,4,18%,21,1,100%,1,0,100.0,3,0,1,2,0,2,3.0
1128,Decision - Unanimous,3,900,0,Maximo Blanco,0,44,40%,73,3,50%,0,0,211.0,15,18,11,31,12,1,1,Felipe Arantes,1,39,40%,47,1,33%,1,0,177.0,24,10,5,20,15,4,3.0
1130,Decision - Unanimous,3,900,1,Maximo Blanco,0,52,35%,86,2,50%,1,0,225.0,39,3,10,43,9,0,0,Sam Sicilia,0,26,26%,32,1,14%,1,0,131.0,19,2,5,16,9,1,3.0
1138,KO/TKO,3,776,1,Curtis Blaydes,0,37,69%,62,4,100%,0,0,465.0,32,5,0,3,12,22,0,Alistair Overeem,0,7,58%,24,0,,2,0,0.0,3,4,0,6,0,1,3.0
1148,Submission,1,130,1,Dan Bobish,0,9,42%,12,1,100%,1,0,,9,0,0,2,3,4,0,Brian Johnston,0,6,60%,6,0,,0,0,,6,0,0,4,2,0,3.0
1159,Submission,3,828,0,Mark Bocek,0,22,28%,27,3,33%,0,0,293.0,15,7,0,8,4,10,1,Mac Danzig,1,46,52%,148,1,100%,2,0,287.0,42,1,3,21,3,22,3.0
1161,KO/TKO,1,295,0,Mark Bocek,0,6,15%,11,0,0%,0,0,0.0,6,0,0,6,0,0,1,Frankie Edgar,0,31,57%,53,0,,0,0,139.0,28,2,1,14,5,12,3.0
1187,Decision - Unanimous,3,900,1,Tim Boetsch,0,46,54%,80,4,66%,2,0,185.0,31,10,5,20,17,9,0,Nick Ring,0,29,35%,39,0,0%,0,0,188.0,13,13,3,15,7,7,3.0
1212,Decision - Unanimous,3,900,0,Stephan Bonnar,0,26,43%,68,0,,3,1,161.0,23,3,0,2,4,20,1,Mark Coleman,0,20,55%,59,3,33%,0,0,589.0,18,2,0,4,0,16,3.0
1216,Decision - Unanimous,3,900,0,Stephan Bonnar,0,41,25%,44,0,,0,0,0.0,32,4,5,41,0,0,1,Forrest Griffin,0,83,40%,87,0,,0,0,17.0,50,6,27,75,8,0,3.0
1218,Decision - Unanimous,3,900,1,Stephan Bonnar,1,33,35%,52,1,16%,1,0,234.0,20,10,3,24,9,0,0,Keith Jardine,0,64,54%,90,0,0%,0,0,28.0,34,15,15,46,18,0,3.0
1223,TKO - Doctor's Stoppage,1,176,1,Rogerio Bontorin,0,8,53%,8,2,40%,0,0,79.0,6,0,2,7,1,0,0,Raulian Paiva,0,3,20%,7,0,,0,0,0.0,3,0,0,3,0,0,3.0
1228,Decision - Unanimous,3,900,0,Ray Borg,0,17,48%,22,7,70%,0,1,393.0,8,8,1,2,13,2,1,Casey Kenney,0,32,61%,46,2,66%,0,3,384.0,9,19,4,9,19,4,3.0
1239,KO/TKO,1,161,1,Tanner Boser,1,15,68%,15,0,,0,0,1.0,6,2,7,14,0,1,0,Philipe Lins,0,6,35%,6,0,,0,0,0.0,3,3,0,6,0,0,3.0
1244,KO/TKO,1,29,0,Steve Bosse,0,0,0%,0,0,,0,0,0.0,0,0,0,0,0,0,1,Thiago Santos,1,3,75%,3,0,,0,0,1.0,1,1,1,3,0,0,3.0
1246,Decision - Unanimous,3,900,0,Poliana Botelho,0,22,51%,39,0,,0,0,76.0,11,8,3,15,4,3,1,Gillian Robertson,0,57,58%,104,3,42%,0,0,574.0,43,7,7,9,0,48,3.0
1249,KO/TKO,1,33,1,Poliana Botelho,1,9,69%,9,0,,0,0,5.0,7,1,1,3,0,6,0,Syuri Kondo,0,2,66%,2,0,,0,0,0.0,0,0,2,2,0,0,3.0
1250,Decision - Unanimous,3,900,1,Poliana Botelho,0,67,63%,157,1,100%,0,0,57.0,44,19,4,15,52,0,0,Pearl Gonzalez,0,27,46%,89,0,0%,0,0,610.0,4,5,18,20,7,0,3.0
1252,Submission,1,287,0,Melton Bowen,0,1,25%,48,0,,0,0,,1,0,0,0,1,0,1,Steve Jennum,0,13,32%,29,2,66%,1,0,,13,0,0,0,0,13,3.0
1261,KO/TKO,2,429,1,Brian Bowles,2,21,23%,26,0,,0,0,45.0,17,3,1,9,10,2,0,Marcos Galvao,0,13,27%,16,1,16%,0,0,39.0,6,6,1,10,3,0,3.0
1271,Decision - Unanimous,3,900,0,Kyle Bradley,0,21,39%,31,0,,0,0,24.0,4,9,8,19,2,0,1,Rafael Dos Anjos,0,42,37%,99,5,62%,2,0,497.0,37,1,4,15,2,25,3.0
1278,Submission,2,407,1,Sean Brady,0,34,56%,65,2,100%,2,0,128.0,16,1,17,28,0,6,0,Christian Aguilera,0,16,41%,17,0,,0,0,0.0,6,2,8,16,0,0,3.0
1281,Submission,1,207,1,Ebenezer Fontes Braga,0,9,56%,17,1,100%,1,0,,6,1,2,2,5,2,0,Jeremy Horn,0,3,60%,11,0,,0,0,,0,3,0,0,3,0,3.0
1291,Decision - Unanimous,3,900,1,David Branch,0,16,59%,53,4,40%,0,0,739.0,2,6,8,0,14,2,0,Rich Attonito,0,6,40%,17,0,,0,0,28.0,2,4,0,2,4,0,3.0
1304,KO/TKO,2,391,0,Martin Bravo,0,86,43%,93,2,40%,0,0,38.0,60,20,6,85,1,0,1,Steven Peterson,1,49,46%,53,0,,0,0,1.0,33,12,4,46,1,2,3.0
1305,Decision - Split,3,900,0,Martin Bravo,0,78,33%,109,3,33%,0,0,221.0,61,10,7,66,7,5,1,Alex Caceres,0,82,51%,86,0,0%,0,0,43.0,60,20,2,78,4,0,3.0
1308,KO/TKO,1,102,1,Tom Breese,1,17,62%,18,0,,0,0,5.0,15,0,2,11,0,6,0,KB Bhullar,0,2,13%,2,0,,0,0,0.0,0,0,2,2,0,0,3.0
1315,Decision - Unanimous,3,900,0,Chris Brennan,0,8,34%,97,0,0%,1,0,8.0,2,4,2,3,4,1,1,Gil Castillo,0,17,51%,120,3,100%,0,0,782.0,16,0,1,5,0,12,3.0
1319,Submission,1,105,0,Charlie Brenneman,0,5,55%,7,0,0%,0,0,0.0,2,2,1,2,3,0,1,Beneil Dariush,1,9,42%,9,0,,1,0,43.0,8,1,0,2,1,6,3.0
1330,KO/TKO,1,63,0,Mack Brewer,0,0,0%,1,0,,0,0,,0,0,0,0,0,0,1,Tim Kennedy,0,7,63%,8,1,100%,0,0,,7,0,0,0,0,7,3.0
1351,Submission,2,404,1,Henry Briones,1,32,50%,52,0,,1,0,33.0,19,11,2,14,10,8,0,Guido Cannetti,0,35,47%,36,1,50%,0,0,81.0,15,15,5,21,12,2,3.0
1371,Decision - Unanimous,3,900,0,Rob Broughton,0,22,38%,65,0,,1,0,24.0,12,2,8,17,5,0,1,Travis Browne,0,45,48%,57,3,100%,0,0,408.0,24,3,18,25,8,12,3.0
1378,Submission,3,871,0,Matt Brown,0,10,43%,29,0,,0,1,59.0,9,0,1,2,0,8,1,Demian Maia,0,17,85%,91,3,30%,2,0,723.0,17,0,0,2,0,15,3.0
1380,Decision - Unanimous,3,900,0,Matt Brown,0,23,46%,39,0,,0,0,21.0,16,7,0,12,9,2,1,Johny Hendricks,0,36,53%,85,9,90%,0,0,666.0,27,5,4,20,1,15,3.0
1384,KO/TKO,2,360,1,Matt Brown,0,40,47%,41,0,0%,1,0,35.0,27,13,0,17,12,11,0,Jordan Mein,1,24,41%,25,0,,0,0,87.0,18,5,1,17,1,6,3.0
1389,Submission,2,342,0,Matt Brown,0,19,55%,28,1,100%,0,1,56.0,4,13,2,8,11,0,1,Seth Baczynski,0,17,34%,22,1,20%,1,0,163.0,14,3,0,8,7,2,3.0
1400,Decision - Unanimous,3,900,1,Mike Brown,0,38,56%,141,2,40%,0,0,404.0,23,15,0,17,15,6,0,Daniel Pineda,0,28,35%,54,1,33%,0,2,188.0,22,2,4,21,2,5,3.0
1420,Decision - Unanimous,3,900,0,Randy Brown,0,52,35%,65,0,,0,1,26.0,36,7,9,48,1,3,1,Belal Muhammad,0,71,46%,135,2,40%,0,0,353.0,23,5,43,60,0,11,3.0
1424,Decision - Unanimous,3,900,1,Randy Brown,0,48,44%,61,1,25%,1,0,209.0,31,10,7,23,23,2,0,Matt Dwyer,0,46,47%,50,1,12%,0,0,172.0,16,7,23,34,12,0,3.0
1430,Decision - Unanimous,3,900,0,Damien Brown,0,15,60%,51,1,33%,1,0,36.0,13,2,0,6,1,8,1,Alan Patrick,0,25,64%,117,5,71%,1,0,741.0,23,1,1,7,0,18,3.0
1435,KO/TKO,2,492,0,Travis Browne,0,21,44%,23,0,0%,0,0,4.0,0,12,9,21,0,0,1,Derrick Lewis,1,39,54%,39,0,,0,0,100.0,37,0,2,21,1,17,3.0
1437,KO/TKO,1,297,0,Travis Browne,0,6,22%,6,0,,0,0,0.0,5,1,0,6,0,0,1,Cain Velasquez,1,50,63%,90,1,33%,0,0,156.0,35,5,10,28,5,17,3.0
1440,KO/TKO,1,290,1,Travis Browne,0,25,67%,36,1,100%,0,0,101.0,24,1,0,2,1,22,0,Brendan Schaub,0,5,38%,6,1,33%,0,0,49.0,3,1,1,4,1,0,3.0
1446,Submission,1,149,1,Travis Browne,0,4,50%,7,1,50%,1,0,94.0,2,1,1,2,2,0,0,Chad Griggs,0,0,0%,6,0,,0,0,0.0,0,0,0,0,0,0,3.0
1457,Decision - Unanimous,3,900,0,Fernando Bruno,0,32,31%,47,2,28%,1,0,148.0,26,6,0,27,5,0,1,Gray Maynard,0,30,42%,42,3,42%,1,1,401.0,18,8,4,13,9,8,3.0
1459,KO/TKO,3,626,1,Derek Brunson,0,88,60%,107,4,50%,0,0,186.0,58,15,15,53,9,26,0,Edmen Shahbazyan,0,35,48%,38,0,,0,0,3.0,17,18,0,26,9,0,3.0
1469,KO/TKO,1,158,1,Derek Brunson,0,23,45%,27,0,,0,0,42.0,22,0,1,2,0,21,0,Roan Carneiro,0,0,0%,0,0,0%,0,0,0.0,0,0,0,0,0,0,3.0
1506,Submission,1,240,1,Paul Buentello,1,20,46%,23,0,,1,0,40.0,12,8,0,5,13,2,0,Kevin Jordan,0,18,54%,26,0,0%,0,0,82.0,6,11,1,7,11,0,3.0
1507,KO/TKO,1,214,1,Paul Buentello,1,22,44%,24,0,,0,0,3.0,12,3,7,18,3,1,0,Justin Eilers,0,7,25%,15,0,,0,0,78.0,3,0,4,1,6,0,3.0
1517,KO/TKO,3,632,0,Shane Burgos,0,89,47%,91,0,,0,0,0.0,46,25,18,86,3,0,1,Calvin Kattar,1,85,43%,86,0,0%,0,0,13.0,73,5,7,79,1,5,3.0
1519,KO/TKO,3,719,1,Shane Burgos,1,77,46%,98,0,,0,0,10.0,55,13,9,66,9,2,0,Charles Rosa,0,86,32%,86,1,14%,0,0,44.0,46,6,34,85,1,0,3.0
1525,Decision - Unanimous,3,900,0,Joshua Burkman,0,40,41%,41,3,50%,0,0,205.0,16,6,18,38,2,0,1,Paul Felder,0,41,43%,53,0,0%,0,0,73.0,15,14,12,36,5,0,3.0
1538,Submission,1,67,1,Joshua Burkman,0,7,77%,8,0,,1,0,27.0,1,0,6,3,4,0,0,Drew Fickett,0,2,25%,2,0,,0,0,7.0,1,1,0,1,1,0,3.0
1547,Decision - Unanimous,3,900,0,Kevin Burns,1,69,35%,75,1,100%,0,0,21.0,36,18,15,59,9,1,1,Chris Lytle,0,101,40%,108,0,0%,0,0,14.0,65,36,0,93,8,0,3.0
1555,Submission,2,555,1,Gilbert Burns,0,49,56%,81,3,50%,1,0,327.0,36,4,9,28,4,17,0,Mike Davis,0,13,29%,17,0,,0,0,0.0,5,6,2,11,2,0,3.0
1561,Submission,1,297,1,Gilbert Burns,0,13,43%,16,1,20%,1,0,81.0,8,5,0,6,4,3,0,Lukasz Sajewski,0,14,46%,15,0,0%,0,0,47.0,8,5,1,12,2,0,3.0
1562,Decision - Unanimous,3,900,0,Gilbert Burns,0,28,36%,29,2,40%,0,0,125.0,14,5,9,27,1,0,1,Rashid Magomedov,2,80,55%,94,2,100%,0,0,69.0,59,14,7,68,6,6,3.0
1573,Submission,1,104,0,George Bush,0,11,64%,11,2,66%,0,0,,3,0,8,10,0,1,1,Abongo Humphrey,0,4,44%,4,0,,1,0,,2,0,2,4,0,0,3.0
1580,KO/TKO,1,87,0,Todd Butler,0,1,25%,1,0,,0,0,,1,0,0,1,0,0,1,Kevin Jackson,0,3,50%,4,1,100%,0,0,,3,0,0,0,0,3,3.0
1583,KO/TKO,2,437,0,Charles Byrd,0,38,60%,59,0,0%,0,0,101.0,32,3,3,25,13,0,1,Darren Stewart,1,24,36%,28,0,,0,0,62.0,17,6,1,10,14,0,3.0
1587,Decision - Unanimous,3,900,0,Yan Cabral,0,31,47%,41,3,50%,0,0,312.0,21,2,8,30,1,0,1,Johnny Case,1,74,46%,90,0,,0,2,140.0,46,16,12,52,8,14,3.0
1595,Submission,1,126,0,Alex Caceres,0,4,28%,4,0,,0,0,0.0,3,0,1,4,0,0,1,Kron Gracie,0,2,20%,3,1,50%,1,0,74.0,1,0,1,2,0,0,3.0
1600,Decision - Split,5,1500,0,Alex Caceres,0,62,31%,65,1,100%,0,0,99.0,46,9,7,57,4,1,1,Yair Rodriguez,0,120,35%,124,1,50%,0,0,31.0,63,17,40,106,6,8,3.0
1614,Submission,1,198,0,Alex Caceres,0,2,28%,5,0,,0,0,0.0,2,0,0,2,0,0,1,Mackens Semerzier,0,9,90%,24,3,60%,1,0,172.0,7,1,1,2,1,6,3.0
1642,KO/TKO,2,383,0,Frank Camacho,0,25,43%,33,0,0%,0,0,11.0,12,10,3,23,2,0,1,Geoff Neal,2,59,57%,62,0,,0,0,8.0,56,3,0,46,6,7,3.0
1650,Submission,2,560,0,Fabricio Camoes,0,8,72%,19,1,20%,2,0,100.0,6,1,1,3,4,1,1,Kurt Pellegrino,0,16,55%,71,1,100%,2,1,407.0,16,0,0,0,2,14,3.0
1652,Decision - Unanimous,3,900,0,Chris Camozzi,0,10,55%,37,0,,1,0,0.0,6,3,1,3,6,1,1,Trevor Smith,1,39,65%,92,4,57%,0,0,804.0,22,14,3,5,6,28,3.0
1674,Submission,1,109,0,Mike Campbell,0,3,30%,7,1,100%,0,0,88.0,2,1,0,1,0,2,1,Anthony Pettis,0,1,50%,1,0,,3,0,0.0,1,0,0,1,0,0,3.0
1688,Decision - Unanimous,3,900,1,Will Campuzano,0,52,30%,70,0,,0,0,150.0,45,6,1,25,6,21,0,Coty Wheeler,0,34,24%,34,1,20%,2,0,20.0,8,4,22,31,3,0,3.0
1697,Decision - Unanimous,3,900,1,Chico Camus,0,28,40%,68,0,0%,1,2,148.0,27,0,1,9,4,15,0,Kyung Ho Kang,0,18,25%,117,3,100%,0,1,558.0,14,4,0,4,0,14,3.0
1716,Decision - Unanimous,3,900,0,Jared Cannonier,0,53,59%,58,0,,0,0,30.0,17,14,22,49,4,0,1,Robert Whittaker,1,69,45%,75,0,0%,0,0,130.0,59,5,5,62,1,6,3.0
1724,Decision - Unanimous,3,900,1,Jared Cannonier,0,59,62%,83,0,0%,0,0,189.0,45,7,7,41,13,5,0,Ion Cutelaba,0,45,31%,50,6,85%,0,0,286.0,30,11,4,25,10,10,3.0
1738,KO/TKO,1,299,0,Gina Carano,0,14,42%,19,0,0%,0,0,42.0,12,0,2,8,0,6,1,Cristiane Justino,0,40,48%,50,0,0%,2,0,124.0,31,5,4,12,14,14,3.0
1752,Submission,1,99,1,Bryan Caraway,0,1,100%,2,1,100%,1,0,91.0,1,0,0,1,0,0,0,Alvin Cacdac,0,2,66%,6,0,,0,0,0.0,1,0,1,1,0,1,3.0
1764,Decision - Unanimous,3,900,1,Chris Cariaso,0,37,48%,75,0,0%,0,1,83.0,21,15,1,14,23,0,0,Takeya Mizugaki,0,28,31%,70,2,50%,0,0,485.0,20,6,2,6,8,14,3.0
1795,Submission,2,402,1,Francis Carmont,0,28,93%,53,2,100%,1,1,218.0,27,1,0,2,0,26,0,Magnus Cedenblad,0,11,78%,39,0,,1,1,133.0,10,0,1,4,0,7,3.0
1801,Decision - Split,3,900,1,Liz Carmouche,0,27,42%,49,4,57%,0,0,456.0,6,5,16,21,2,4,0,Katlyn Chookagian,1,22,19%,64,0,,0,0,10.0,11,5,6,17,3,2,3.0
1816,Submission,2,530,0,Roan Carneiro,0,12,40%,36,2,33%,0,0,423.0,10,1,1,2,0,10,1,Kevin Burns,0,8,61%,55,0,,1,0,54.0,7,0,1,4,1,3,3.0
1824,Submission,1,72,0,Cain Carrizosa,0,0,0%,0,0,,0,0,3.0,0,0,0,0,0,0,1,Chris Wade,0,0,0%,5,1,100%,1,0,44.0,0,0,0,0,0,0,3.0
1829,KO/TKO,3,891,1,Shonie Carter,2,18,54%,49,2,66%,0,2,363.0,6,6,6,10,6,2,0,Matt Serra,0,10,40%,27,2,15%,3,1,271.0,5,2,3,5,3,2,3.0
1831,Decision - Unanimous,2,600,1,Shonie Carter,0,22,55%,55,5,83%,0,1,408.0,11,4,7,10,3,9,0,Brad Gumm,0,12,34%,43,0,0%,1,1,30.0,9,2,1,11,1,0,3.0
1844,Submission,3,885,0,Johnny Case,0,35,35%,49,1,16%,0,0,196.0,15,14,6,27,2,6,1,Jake Matthews,0,36,31%,50,0,0%,2,0,74.0,15,10,11,30,4,2,3.0
1858,Submission,1,216,1,Cortney Casey,0,6,50%,18,0,,2,0,0.0,4,1,1,2,1,3,0,Mara Romero Borella,0,5,71%,21,1,50%,0,0,175.0,2,1,2,2,2,1,3.0
1874,KO/TKO,1,72,0,Joe Cason,0,5,55%,5,0,0%,0,0,,3,1,1,5,0,0,1,Ovince Saint Preux,0,13,76%,18,0,,0,0,,13,0,0,4,0,9,3.0
1875,Decision - Unanimous,3,900,0,John Castaneda,0,55,42%,66,0,0%,0,0,11.0,35,6,14,53,2,0,1,Nathaniel Wood,0,131,56%,136,1,33%,0,0,49.0,59,14,58,123,8,0,3.0
1886,Decision - Unanimous,3,900,1,Danny Castillo,0,38,56%,67,4,66%,0,0,735.0,35,1,2,1,0,37,0,Paul Sass,0,4,17%,23,0,,5,0,0.0,2,1,1,4,0,0,3.0
1896,Submission,3,812,0,Danny Castillo,0,19,27%,50,2,50%,0,0,271.0,15,2,2,10,0,9,1,Shane Roller,0,24,32%,61,2,40%,1,0,199.0,18,5,1,14,3,7,3.0
1910,Submission,2,375,1,Nick Catone,0,21,87%,62,4,100%,2,0,277.0,21,0,0,1,3,17,0,Derek Downey,0,2,100%,2,1,16%,0,0,62.0,0,2,0,0,2,0,3.0
1913,Decision - Unanimous,3,900,0,Luke Caudillo,1,28,21%,28,0,0%,0,0,1.0,19,5,4,27,1,0,1,Nate Mohr,0,70,37%,71,0,,0,0,0.0,60,3,7,66,4,0,3.0
1914,Decision - Split,3,900,0,Gesias Cavalcante,0,83,46%,93,2,28%,0,0,160.0,50,16,17,72,10,1,1,Isaac Vallie-Flagg,0,133,52%,163,0,,0,0,112.0,84,22,27,98,33,2,3.0
1918,KO/TKO,3,645,0,Rafael Cavalcante,0,23,51%,24,0,,0,0,3.0,20,1,2,15,1,7,1,Patrick Cummins,0,49,53%,102,8,57%,0,0,430.0,37,6,6,18,7,24,3.0
1923,KO/TKO,2,591,1,Rafael Cavalcante,2,17,36%,21,1,100%,0,0,20.0,10,4,3,11,1,5,0,Yoel Romero,0,26,43%,29,0,0%,0,0,74.0,17,8,1,9,16,1,3.0
1931,Submission,2,599,1,Magnus Cedenblad,0,17,54%,58,3,60%,1,1,387.0,6,8,3,8,7,2,0,Krzysztof Jotko,0,15,60%,63,0,0%,0,1,116.0,10,3,2,10,5,0,3.0
1932,Submission,1,57,1,Magnus Cedenblad,0,4,30%,4,0,,1,0,8.0,3,1,0,4,0,0,0,Jared Hamman,0,3,37%,3,0,0%,0,0,1.0,0,0,3,3,0,0,3.0
1941,Decision - Split,5,1500,1,Henry Cejudo,0,51,34%,80,3,27%,0,0,278.0,29,18,4,31,17,3,0,Demetrious Johnson,0,81,60%,121,1,50%,0,0,36.0,23,19,39,73,7,1,3.0
1971,Decision - Unanimous,3,900,1,Donald Cerrone,0,37,44%,54,1,100%,2,1,221.0,6,4,27,29,1,7,0,Myles Jury,0,15,28%,17,1,14%,0,0,121.0,5,2,8,15,0,0,3.0
1972,Decision - Unanimous,3,900,1,Donald Cerrone,1,88,53%,101,0,0%,0,0,117.0,34,28,26,65,17,6,0,Eddie Alvarez,0,48,34%,64,0,0%,0,0,37.0,36,10,2,34,14,0,3.0
1982,Decision - Unanimous,3,900,0,Donald Cerrone,0,96,52%,104,0,,0,0,4.0,56,23,17,84,12,0,1,Nate Diaz,0,238,65%,260,0,0%,0,0,64.0,199,37,2,228,10,0,3.0
2009,Submission,1,243,0,Joe Charles,0,1,100%,1,0,,0,1,,0,0,1,1,0,0,1,Vitor Belfort,0,0,,0,2,100%,3,0,,0,0,0,0,0,0,3.0
2012,Submission,3,861,0,Ernest Chavez,0,54,38%,61,0,0%,0,0,156.0,29,11,14,46,8,0,1,Elias Silverio,0,65,37%,65,1,100%,1,0,38.0,39,13,13,55,10,0,3.0
2034,Submission,1,167,1,Michael Chiesa,0,9,60%,9,1,33%,1,0,65.0,5,1,3,9,0,0,0,Al Iaquinta,0,8,50%,8,0,,0,0,0.0,6,1,1,8,0,0,3.0
2038,Decision - Split,3,900,1,Giga Chikadze,0,38,31%,40,0,,0,1,20.0,19,10,9,37,0,1,0,Jamall Emmers,0,54,42%,57,2,33%,0,0,123.0,32,15,7,48,3,3,3.0
2042,Submission,2,372,1,Khamzat Chimaev,0,43,82%,124,2,100%,1,0,354.0,40,1,2,1,0,42,0,John Phillips,0,1,50%,2,0,,0,0,0.0,1,0,0,1,0,0,3.0
2043,Decision - Unanimous,3,900,0,Sako Chivitchian,0,36,27%,54,0,0%,0,0,178.0,26,6,4,25,11,0,1,Kyle Watson,0,72,53%,88,0,0%,0,0,147.0,28,31,13,54,18,0,3.0
2047,KO/TKO,1,162,1,Dooho Choi,1,4,57%,6,0,,0,0,17.0,4,0,0,3,0,1,0,Thiago Tavares,0,2,40%,13,2,100%,0,0,118.0,0,1,1,0,2,0,3.0
2059,Decision - Split,3,900,1,Ryo Chonan,0,23,39%,72,0,,0,0,460.0,11,7,5,6,2,15,0,Roan Carneiro,0,18,47%,68,2,33%,1,1,319.0,16,1,1,6,2,10,3.0
2067,Decision - Unanimous,3,900,1,Katlyn Chookagian,0,62,30%,62,0,,0,0,0.0,50,9,3,61,1,0,0,Alexis Davis,0,70,34%,77,1,50%,0,0,19.0,24,10,36,66,4,0,3.0
2090,Submission,1,218,1,Misha Cirkunov,0,6,60%,22,1,50%,1,2,150.0,4,2,0,1,2,3,0,Jimmy Crute,0,21,60%,28,0,,0,1,44.0,19,2,0,2,4,15,3.0
2099,Submission,1,70,0,Laverne Clark,0,1,50%,1,0,,0,0,24.0,1,0,0,1,0,0,1,Fabiano Iha,0,1,33%,1,1,100%,2,0,7.0,0,0,1,1,0,0,3.0
2107,TKO - Doctor's Stoppage,2,600,1,Mychal Clark,0,58,56%,78,0,0%,0,1,,39,14,5,40,12,6,0,Josh Bennett,0,29,40%,90,1,100%,0,0,,22,7,0,11,17,1,3.0
2110,Decision - Unanimous,3,900,1,Heather Clark,0,56,56%,85,1,20%,1,0,472.0,33,15,8,29,21,6,0,Bec Rawlings,0,69,58%,90,0,0%,0,0,62.0,45,6,18,43,25,1,3.0
2113,Submission,2,421,0,Devin Clark,0,17,45%,22,2,66%,0,0,38.0,8,7,2,11,6,0,1,Ryan Spann,0,17,35%,17,0,0%,1,0,68.0,14,3,0,8,9,0,3.0
2125,Decision - Split,3,900,1,Jessica-Rose Clark,0,101,58%,108,2,66%,1,1,319.0,61,16,24,86,8,7,0,Bec Rawlings,0,65,44%,81,2,66%,1,0,142.0,58,7,0,59,3,3,3.0
2126,KO/TKO,2,576,0,Mitch Clarke,0,28,33%,34,0,0%,0,0,26.0,11,8,9,18,10,0,1,Alex White,3,57,49%,62,0,,0,0,15.0,46,10,1,28,28,1,3.0
2134,Decision - Unanimous,3,900,0,Rich Clementi,0,7,16%,20,0,,0,1,13.0,3,0,4,5,0,2,1,Gray Maynard,0,22,36%,66,5,71%,2,0,581.0,17,5,0,14,2,6,3.0
2139,Decision - Unanimous,3,900,0,Rich Clementi,0,9,33%,59,0,,0,0,8.0,5,2,2,6,3,0,1,Roan Carneiro,0,22,61%,59,7,87%,4,0,710.0,16,4,2,7,9,6,3.0
2163,Decision - Unanimous,3,900,0,Devin Cole,0,10,25%,63,0,,0,0,,2,6,2,6,4,0,1,Daniel Cormier,0,30,51%,118,3,33%,0,0,,13,12,5,19,4,7,3.0
2169,KO/TKO,2,338,0,Mark Coleman,0,26,53%,54,3,37%,0,0,,23,1,2,6,6,14,1,Pete Williams,1,22,52%,36,0,,1,0,,13,2,7,14,6,2,3.0
2176,KO/TKO,1,163,1,Mark Coleman,0,25,83%,33,1,50%,0,0,,20,5,0,0,0,25,0,Moti Horenstein,0,0,0%,19,0,,0,0,,0,0,0,0,0,0,3.0
2187,KO/TKO,1,299,0,Jake Collier,0,15,42%,22,2,66%,1,0,184.0,11,4,0,13,2,0,1,Vitor Miranda,0,14,66%,19,0,,0,0,1.0,6,4,4,12,2,0,3.0
2189,Submission,3,732,0,Christian Colombo,0,3,21%,32,0,,0,0,0.0,1,2,0,1,2,0,1,Luis Henrique,0,31,59%,57,6,100%,2,0,554.0,26,3,2,8,2,21,3.0
2195,Submission,2,497,0,Carlos Condit,0,12,66%,42,1,100%,1,1,171.0,6,2,4,6,0,6,1,Alex Oliveira,0,9,39%,22,3,100%,1,0,224.0,8,1,0,1,0,8,3.0
2197,Submission,1,112,0,Carlos Condit,0,1,16%,1,0,,0,0,0.0,1,0,0,1,0,0,1,Demian Maia,0,1,100%,5,1,100%,1,0,79.0,1,0,0,0,0,1,3.0
2205,KO/TKO,1,178,1,Carlos Condit,1,8,38%,9,0,,1,1,9.0,7,0,1,3,0,5,0,Dong Hyun Kim,0,1,16%,1,1,100%,0,0,14.0,1,0,0,1,0,0,3.0
2206,KO/TKO,1,267,1,Carlos Condit,1,26,44%,26,0,,0,0,3.0,10,3,13,24,0,2,0,Dan Hardy,0,9,21%,9,0,,0,0,0.0,5,0,4,9,0,0,3.0
2219,KO/TKO,2,423,1,Mike Cook,0,17,42%,50,1,33%,1,1,,10,6,1,8,5,4,0,Carlton Jones,0,22,45%,28,3,50%,2,0,,20,1,1,18,2,2,3.0
2221,Submission,1,268,0,TJ Cook,0,8,47%,10,1,50%,0,1,,6,2,0,7,0,1,1,Trevor Smith,0,11,57%,13,0,,2,2,,2,3,6,8,0,3,3.0
2234,Decision - Unanimous,3,900,0,Josh Copeland,0,20,35%,20,0,,0,0,10.0,13,6,1,13,7,0,1,Ruslan Magomedov,1,63,43%,65,1,100%,0,0,87.0,30,20,13,51,12,0,3.0
2235,KO/TKO,1,206,0,Akira Corassani,0,10,32%,11,0,,0,0,2.0,5,1,4,10,0,0,1,Sam Sicilia,1,10,38%,12,0,,0,0,24.0,6,3,1,7,2,1,3.0
2237,KO/TKO,2,342,0,Akira Corassani,0,24,36%,24,0,0%,0,0,12.0,19,5,0,21,3,0,1,Dustin Poirier,1,45,50%,46,0,0%,1,0,44.0,37,8,0,31,12,2,3.0
2238,DQ,1,25,1,Akira Corassani,0,1,50%,1,0,,0,0,0.0,1,0,0,1,0,0,0,Maximo Blanco,0,5,71%,7,1,100%,0,0,14.0,5,0,0,2,2,1,3.0
2242,KO/TKO,2,402,0,Muhsin Corbbrey,0,5,10%,9,0,,0,0,0.0,4,0,1,5,0,0,1,Anthony Njokuani,1,32,45%,35,0,,0,0,52.0,21,2,9,23,1,8,3.0
2245,Submission,2,434,1,Daniel Cormier,0,19,76%,42,4,100%,1,0,310.0,16,2,1,4,1,14,0,Derrick Lewis,0,4,30%,5,0,,0,0,0.0,2,1,1,4,0,0,3.0
2252,Submission,3,759,1,Daniel Cormier,0,23,56%,70,3,37%,3,0,557.0,20,2,1,5,3,15,0,Anthony Johnson,1,23,46%,28,1,50%,0,0,43.0,18,3,2,15,7,1,3.0
2260,KO/TKO,1,236,1,Daniel Cormier,2,15,57%,22,0,,0,0,91.0,13,1,1,12,0,3,0,Antonio Silva,0,6,24%,9,0,0%,0,0,2.0,3,3,0,6,0,0,3.0
2273,Decision - Split,3,900,0,Bethe Correia,0,66,38%,99,0,0%,0,0,125.0,45,13,8,47,19,0,1,Raquel Pennington,0,75,57%,84,0,0%,0,0,63.0,45,22,8,46,29,0,3.0
2275,KO/TKO,2,416,1,Bethe Correia,0,68,66%,97,0,,0,0,156.0,50,17,1,42,25,1,0,Shayna Baszler,0,8,26%,19,1,25%,1,0,115.0,8,0,0,4,4,0,3.0
2284,KO/TKO,2,539,0,Paulo Costa,0,12,46%,12,0,,0,0,1.0,2,7,3,12,0,0,1,Israel Adesanya,1,55,65%,55,0,,0,0,9.0,24,5,26,45,2,8,3.0
2290,KO/TKO,1,41,1,Randy Costa,1,4,66%,4,0,,0,0,2.0,4,0,0,2,0,2,0,Journey Newson,0,1,20%,1,0,,0,0,0.0,1,0,0,1,0,0,3.0
2294,KO/TKO,3,755,0,Patrick Cote,0,46,49%,57,0,0%,0,0,0.0,17,17,12,45,1,0,1,Donald Cerrone,3,73,61%,92,2,66%,1,0,283.0,42,14,17,48,8,17,3.0
2303,Decision - Unanimous,3,900,0,Patrick Cote,0,6,27%,28,0,,0,1,8.0,5,1,0,0,4,2,1,Tom Lawlor,0,49,65%,153,5,83%,3,0,782.0,33,6,10,5,11,33,3.0
2310,Submission,1,138,0,Patrick Cote,0,0,0%,0,0,,0,0,0.0,0,0,0,0,0,0,1,Travis Lutter,0,0,,5,1,50%,1,0,117.0,0,0,0,0,0,0,3.0
2316,Decision - Unanimous,3,900,1,Rashad Coulter,1,98,62%,108,0,,0,0,12.0,80,12,6,69,27,2,0,Hu Yaozong,0,92,52%,98,0,0%,0,0,322.0,33,24,35,70,22,0,3.0
2329,Submission,3,652,1,Randy Couture,0,27,58%,40,4,66%,3,0,427.0,10,16,1,3,5,19,0,Mike van Arsdale,0,8,20%,9,1,11%,0,0,69.0,7,0,1,5,3,0,3.0
2331,TKO - Doctor's Stoppage,3,900,1,Randy Couture,0,50,70%,131,2,50%,0,0,846.0,40,3,7,1,16,33,0,Vitor Belfort,0,3,50%,10,0,,2,0,1.0,1,2,0,0,2,1,3.0
2333,Decision - Unanimous,5,1500,1,Randy Couture,0,88,64%,194,8,66%,0,0,1273.0,65,11,12,1,16,71,0,Tito Ortiz,0,16,53%,34,2,33%,0,0,129.0,3,11,2,1,14,1,3.0
2334,KO/TKO,3,759,1,Randy Couture,0,46,52%,56,4,80%,1,0,202.0,39,3,4,27,11,8,0,Chuck Liddell,0,22,37%,35,0,0%,0,1,124.0,11,0,11,12,10,0,3.0
2336,KO/TKO,2,575,0,Randy Couture,0,18,85%,33,1,33%,0,0,438.0,13,4,1,0,8,10,1,Josh Barnett,0,44,58%,53,0,,1,0,115.0,31,12,1,0,13,31,3.0
2337,KO/TKO,3,802,1,Randy Couture,0,41,78%,98,3,60%,0,0,348.0,27,1,13,18,4,19,0,Pedro Rizzo,0,13,38%,20,1,100%,0,0,3.0,8,1,4,9,4,0,3.0
2343,Submission,1,56,1,Randy Couture,0,1,100%,1,1,100%,1,0,,1,0,0,0,0,1,0,Tony Halme,0,0,,0,0,,0,0,,0,0,0,0,0,0,3.0
2345,Decision - Unanimous,3,900,0,Ryan Couture,0,45,29%,47,0,0%,0,0,68.0,20,12,13,38,7,0,1,Al Iaquinta,0,80,45%,86,4,100%,0,0,53.0,55,19,6,62,13,5,3.0
2346,KO/TKO,2,525,0,Ryan Couture,0,29,37%,35,1,14%,0,0,188.0,7,12,10,15,14,0,1,Ross Pearson,1,28,68%,48,1,100%,0,0,10.0,22,6,0,22,3,3,3.0
2347,Decision - Split,3,900,1,Ryan Couture,0,44,29%,45,0,0%,0,0,2.0,17,10,17,36,8,0,0,KJ Noons,0,52,40%,54,0,,0,0,3.0,42,10,0,46,5,1,3.0
2348,Decision - Split,3,900,1,Ryan Couture,0,60,46%,80,4,30%,1,0,225.0,25,13,22,49,8,3,0,Joe Duarte,0,34,38%,34,3,50%,1,0,64.0,17,9,8,34,0,0,3.0
2354,KO/TKO,5,1279,1,Colby Covington,0,78,54%,232,3,37%,0,0,721.0,47,22,9,43,19,16,0,Tyron Woodley,0,34,40%,67,1,100%,0,0,14.0,14,15,5,26,8,0,3.0
2357,Decision - Unanimous,5,1500,1,Colby Covington,0,99,33%,142,7,38%,0,0,757.0,54,14,31,90,8,1,0,Rafael Dos Anjos,0,105,53%,130,3,50%,0,0,134.0,54,37,14,70,32,3,3.0
2366,KO/TKO,1,290,1,Colby Covington,0,11,64%,66,2,100%,0,0,231.0,9,2,0,2,0,9,0,Anying Wang,0,0,0%,2,0,,0,0,0.0,0,0,0,0,0,0,3.0
2373,Decision - Split,3,900,0,Nathan Coy,0,82,67%,148,1,12%,0,0,,19,24,39,54,26,2,1,Tyron Woodley,0,45,52%,60,2,100%,1,0,,20,23,2,25,16,4,3.0
2374,KO/TKO,2,517,0,Andrew Craig,0,20,20%,24,0,,0,0,29.0,12,2,6,15,5,0,1,Lyman Good,1,55,51%,64,0,,0,0,26.0,41,7,7,42,4,9,3.0
2377,Decision - Split,3,900,1,Andrew Craig,0,64,63%,120,2,66%,0,0,205.0,50,9,5,46,12,6,0,Chris Leben,0,30,45%,127,0,0%,0,0,301.0,17,7,6,24,6,0,3.0
2380,Decision - Unanimous,3,900,1,Andrew Craig,0,36,45%,104,1,50%,0,0,236.0,30,4,2,24,3,9,0,Kyle Noke,0,36,57%,40,3,42%,1,0,209.0,20,9,7,29,1,6,3.0
2390,Submission,2,419,1,Paul Craig,0,31,63%,57,1,50%,3,0,128.0,21,9,1,14,12,5,0,Henrique da Silva,0,16,66%,23,1,33%,0,0,201.0,7,7,2,6,10,0,3.0
2427,Submission,3,891,1,Jimmy Crute,0,17,44%,49,1,100%,4,2,505.0,16,0,1,2,0,15,0,Paul Craig,0,12,54%,45,3,42%,0,1,258.0,7,5,0,8,1,3,3.0
2431,Submission,2,362,1,Marcio Cruz,0,12,42%,19,0,0%,1,0,27.0,2,1,9,11,1,0,0,Keigo Kunihara,0,1,10%,10,2,40%,1,0,195.0,1,0,0,0,0,1,3.0
